{"type": "metrics", "dataset": "train", "precision": 0.9978871751531798, "balanced_accuracy": 0.9994802503478866, "recall": 0.9995767195767196, "f1_score": 0.9987312328187777}
{"type": "metrics", "dataset": "test", "precision": 0.646690518783542, "balanced_accuracy": 0.6617411304594613, "recall": 0.3793284365162644, "f1_score": 0.4781746031746032}
{"type": "cm_matrix", "dataset": "train", "true_0": {"predicted_0": 16218, "predicted_1": 10}, "true_1": {"predicted_0": 2, "predicted_1": 4723}}
{"type": "cm_matrix", "dataset": "test", "true_0": {"predicted_0": 6678, "predicted_1": 395}, "true_1": {"predicted_0": 1183, "predicted_1": 723}}